{
  "PhoneAsItem": {
    "enabled": false,
    "exportResource": "my-core-resource",
    "exportFunction": "myCheckerFunction"
  },
  "customPhoneNumber": {
    "enabled": false,
    "exportResource": "number-generator-resource",
    "exportFunction": "generateNumber"
  },
  "general": {
    "useResourceIntegration": false,
    "toggleKey": "f1",
    "toggleCommand": "phone",
    "defaultLanguage": "pl",
    "showId": false
  },
  "contacts": {
    "frameworkPay": false,
    "payResource": "my-core-resource",
    "payFunction": "myCheckerFunction"
  },
  "database": {
    "useIdentifierPrefix": false,
    "playerTable": "users",
    "identifierColumn": "identifier",
    "identifierType": "license",
    "profileQueries": true,
    "phoneNumberColumn": "phone_number"
  },
  "images": {
    "url": "https://api.fivemanage.com/api/image",
    "type": "image",
    "imageEncoding": "webp",
    "contentType": "multipart/form-data",
    "useContentType": false,
    "authorizationHeader": "Authorization",
    "authorizationPrefix": "",
    "useAuthorization": true,
    "returnedDataIndexes": ["url"]
  },
  "imageSafety": {
    "filterUnsafeImageUrls": true,
    "embedUnsafeImages": false,
    "embedUrl": "https://i.example.com/embed",
    "safeImageUrls": [
      "i.imgur.com",
      "i.file.glass",
      "dropbox.com",
      "c.tenor.com",
      "discord.com",
      "cdn.discordapp.com",
      "media.discordapp.com",
      "media.discordapp.net",
      "upload.wikipedia.org",
      "i.projecterror.dev",
      "upcdn.io",
      "i.fivemanage.com",
      "api.fivemanage.com",
      "r2.fivemanage.com"
    ]
  },
  "profanityFilter": {
    "enabled": false,
    "badWords": ["esx"]
  },
  "twitter": {
    "showNotifications": true,
    "generateProfileNameFromUsers": true,
    "allowEditableProfileName": true,
    "allowDeleteTweets": true,
    "allowReportTweets": true,
    "allowRetweet": true,
    "characterLimit": 160,
    "newLineLimit": 10,
    "enableAvatars": true,
    "enableEmojis": true,
    "enableImages": true,
    "maxImages": 1,
    "resultsLimit": 25
  },
  "match": {
    "generateProfileNameFromUsers": true,
    "allowEditableProfileName": true
  },
  "marketplace": {
    "persistListings": false
  },
  "browser": {
    "homepageUrl": "https://docs.projecterror.dev"
  },
  "debug": {
    "level": "error",
    "enabled": true,
    "sentryEnabled": true
  },
  "defaultContacts": [],
  "disabledApps": [],
  "apps": [],
  "voiceMessage": {
    "enabled": false,
    "authorizationHeader": "Authorization",
    "url": "https://api.fivemange/api/audio",
    "returnedDataIndexes": ["url"]
  }
}
