{
  "default-light": {
    "typography": {
      "fontFamily": "'SegoeUI', 'Roboto', 'Arial', sans-serif"
    },
    "palette": {
      "mode": "light",
      "primary": {
        "main": "#a6d4fa"
      },
      "text": {
        "secondary": "rgba(0, 0, 0, 0.9)",
        "disabled": "rgba(20, 20, 20, 0.5)"
      }
    }
  },
  "taso-dark": {
    "typography": {
      "fontFamily": "'SegoeUI', 'Roboto', 'Arial', sans-serif"
    },
    "components": {
      "MuiDivider": {
        "styleOverrides": {
          "root": {
            "borderColor": "rgba(255, 255, 255, 0.12)"
          }
        }
      }
    },
    "palette": {
      "mode": "dark",
      "primary": {
        "main": "#a6d4fa"
      },
      "text": {
        "secondary": "rgba(255, 255, 255, 0.9)",
        "disabled": "rgba(255, 255, 255, 0.5)"
      }
    }
  }
}
